{
    "train": {
        "loss": 0.04083089157938957,
        "one_hot_io_u": 0.8977556228637695,
        "precision": 0.9478862285614014,
        "recall": 0.9478861093521118
    },
    "eval": {
        "loss": 0.06855417042970657,
        "one_hot_io_u": 0.8387174606323242,
        "precision": 0.9148514866828918,
        "recall": 0.9148514866828918
    },
    "step": 128
}