{
    "train": {
        "loss": 0.03166398033499718,
        "one_hot_io_u": 0.9186791777610779,
        "precision": 0.9590263962745667,
        "recall": 0.9590263962745667
    },
    "eval": {
        "loss": 0.06576889753341675,
        "one_hot_io_u": 0.8457484245300293,
        "precision": 0.9182297587394714,
        "recall": 0.9182297587394714
    },
    "step": 90
}